<?xml version="1.0" encoding="UTF-8"?>
<sbml xmlns="http://www.sbml.org/sbml/level3/version1/core" level="3" version="1">
  <model>
    <listOfUnitDefinitions>
      <unitDefinition id="metre_sq">
        <listOfUnits>
          <unit kind="metre" exponent="2" scale="0" multiplier="1"/>
        </listOfUnits>
      </unitDefinition>
      <unitDefinition id="metre_sq_per_sec">
        <listOfUnits>
          <unit kind="metre" exponent="2" scale="0" multiplier="1"/>
          <unit kind="second" exponent="-1" scale="0" multiplier="1"/>
        </listOfUnits>
      </unitDefinition>
    </listOfUnitDefinitions>
    <listOfParameters>
      <parameter id="p1" units="metre" constant="true"/>
      <parameter id="p2" units="metre" constant="true"/>
      <parameter id="p3" units="metre_sq" constant="false"/>
      <parameter id="p4" units="metre_sq_per_sec" constant="false"/>
    </listOfParameters>
    <listOfInitialAssignments>
      <initialAssignment symbol="p2">
        <math xmlns="http://www.w3.org/1998/Math/MathML">
          <apply>
            <times/>
            <cn type="integer"> 3 </cn>
            <ci> p1 </ci>
          </apply>
        </math>
      </initialAssignment>
    </listOfInitialAssignments>
    <listOfRules>
      <assignmentRule variable="p3">
        <math xmlns="http://www.w3.org/1998/Math/MathML">
          <apply>
            <times/>
            <ci> p1 </ci>
            <ci> p2 </ci>
          </apply>
        </math>
      </assignmentRule>
      <rateRule variable="p4">
        <math xmlns="http://www.w3.org/1998/Math/MathML">
          <apply>
            <divide/>
            <ci> p3 </ci>
            <csymbol encoding="text" definitionURL="http://www.sbml.org/sbml/symbols/time"> t </csymbol>
          </apply>
        </math>
      </rateRule>
    </listOfRules>
  </model>
</sbml>
